1;"Acetylcarnitine";"C9H17NO4"
2;"1-Propanaminium, 2-(acetyloxy)-3-carboxy-N,N,N-trimethyl-, inner salt";"C9H18NO4+"
3;"5,6-Dihydroxycyclohexa-1,3-diene-1-carboxylic acid";"C7H8O4"
4;"1-Aminopropan-2-ol";"C3H9NO"
5;"3-Amino-2-oxopropyl phosphate";"C3H8NO5P"
6;"1-Chloro-2,4-dinitrobenzene";"C6H3ClN2O4"
7;"9-Ethyladenine";"C7H9N5"
8;"2,3-Dihydroxy-3-methylpentanoic acid";"C6H12O4"
9;"(2,3,4,5,6-Pentahydroxycyclohexyl) dihydrogen phosphate";"C6H13O9P"
10;"CID 10";"C20H23N7O7"
11;"1,2-Dichloroethane";"ClCH2CH2Cl"
12;"1,2,3,5-Tetrahydroxybenzene";"C6H6O4"
13;"1,2,4-Trichlorobenzene";"C6H3Cl3"
14;"7-[3-Hydroxy-5-oxo-2-(3-oxooct-1-enyl)cyclopentyl]heptanoic acid";"C20H32O5"
15;"5alpha-Dihydrotestosterone";"C19H30O2"
16;"1,8-Diazacyclotetradecane-2,9-dione";"C12H22N2O2"
17;"2,3-Dihydropyridine-2,6-dicarboxylic acid";"C7H7NO4"
18;"2,3-Dioxo-L-gulonic";"C6H8O7"
19;"2,3-Dihydroxybenzoic acid";"C7H6O4"
20;"3-(2,3-Dihydroxyphenyl)propanoic acid";"C9H10O4"
21;"2-Aceto-2-hydroxybutanoate";"C6H10O4"
22;"2-Acetolactate";"C5H8O4"
23;"2-Amino-3-(3-oxoprop-1-en-1-yl)but-2-enedioic acid";"C7H7NO5"
24;"2-Amino-5,6,7,8-tetrahydroxy-6-(1,2,3-trihydroxypropyl)-3,4a,7,8a-tetrahydropteridin-4-one";"C9H17N5O8"
25;"CID 25";"C9H15N5O6"
26;"1-(2-Amino-7,8-dihydroxy-4-oxo-3,4a,7,8a-tetrahydropteridin-6-yl)propane-1,2-dione";"C9H11N5O5"
27;"CID 27";"C9H16N5O15P3"
28;"2,4-Hexadienedioicacid, 2-amino-";"C6H7NO4"
29;"3-Oxoalanine";"C3H5NO3"
30;"2,4-Hexadienoic acid, 2-amino-6-oxo-";"C6H7NO3"
31;"2-C-Methylerythritol 4-phosphate";"C5H13O7P"
32;"Buta-1,3-diene-1,1,4-tricarboxylic acid";"C7H6O6"
33;"Chloroacetaldehyde";"C2H3ClO"
34;"2-Chloroethanol";"C2H5ClO"
35;"(2-Chloro-5-oxo-2,5-dihydro-2-furyl)acetic acid";"C6H5ClO4"
36;"3-Isopropylmalic acid";"C7H12O5"
37;"3-Deoxyhex-2-ulosonic acid";"C6H10O6"
38;"2-Dehydropantoate";"C6H10O4"
39;"2-Dehydropantolactone";"C6H8O3"
40;"2-Deoxyhexopyranose";"C6H12O5"
41;"1-Penten-3-one, 2-hydroxy-5-(methylthio)-1-(phosphonooxy)-";"C6H11O6PS"
42;"2-Hydroxy-6-oxonona-2,4-dienedioic acid";"C9H10O6"
43;"2-Hydroxyglutaric acid";"C5H8O5"
44;"Tartronate";"C3H2O5-2"
45;"Tartronic acid";"C3H4O5"
46;"4,5-Dihydroxy-2-oxo-6-phosphonooxyhexanoic acid";"C6H11O9P"
47;"3-Methyl-2-oxovaleric acid";"C6H10O3"
48;"alpha-Ketoglutaramate";"C5H7NO4"
49;"3-Methyl-2-oxobutanoic acid";"C5H8O3"
50;"2-Keto-L-gluconate";"C6H10O7"
51;"2-Oxoglutaric acid";"C5H6O5"
52;"S-[2-[3-[[4-[[[5-(6-Aminopurin-9-yl)-4-hydroxy-3-phosphonooxyoxolan-2-yl]methoxy-hydroxyphosphoryl]oxy-hydroxyphosphoryl]oxy-2-hydroxy-3,3-dimethylbutanoyl]amino]propanoylamino]ethyl] 3-hydroxy-2-methylbutanethioate";"C26H44N7O18P3S"
53;"S-[2-[3-[[4-[[[5-(6-Aminopurin-9-yl)-4-hydroxy-3-phosphonooxyoxolan-2-yl]methoxy-hydroxyphosphoryl]oxy-hydroxyphosphoryl]oxy-2-hydroxy-3,3-dimethylbutanoyl]amino]propanoylamino]ethyl] 2-methyl-3-oxobutanethioate";"C26H42N7O18P3S"
54;"S-[2-[3-[[4-[[[5-(6-Aminopurin-9-yl)-4-hydroxy-3-phosphonooxyoxolan-2-yl]methoxy-hydroxyphosphoryl]oxy-hydroxyphosphoryl]oxy-2-hydroxy-3,3-dimethylbutanoyl]amino]propanoylamino]ethyl] 2-methylbutanethioate";"C26H44N7O17P3S"
55;"3-(3,7,11,15,19,23,27,31-Octamethyldotriaconta-2,6,10,14,18,22,26,30-octaenyl)benzene-1,2-diol";"C46H70O2"
56;"2-(3,7,11,15,19,23,27-Heptamethyldotriaconta-2,6,10,14,18,22,26,30-octaenyl)-6-methoxyphenol";"C46H70O2"
57;"2-(3,7,11,15,19,23,27,31-Octamethyldotriaconta-2,6,10,14,18,22,26,30-octaenyl)phenol";"C46H70O"
58;"2-Oxobutanoic acid";"C4H6O3"
59;"2-Phosphoglyceric acid";"C3H7O7P"
60;"CID 60";"C14H26N3O17P3"
61;"2,3-Diphosphoglyceric acid";"C3H8O10P2"
62;"2,4,5-Trichlorocyclohexa-2,5-dien-1-ol";"C6H5Cl3O"
63;"2,4-Diaminopentanoic acid";"C5H12N2O2"
64;"2,5-Dichloro-2,5-cyclohexadiene-1,4-diol";"C6H6Cl2O2"
65;"2,5-Dichlorohydroquinone";"C6H4Cl2O2"
66;"2,5-Dichlorophenol";"C6H4Cl2O"
67;"(3S,4S)-3,4,6-Trihydroxy-2,5-dioxohexanoic acid";"C6H8O7"
68;"2-C-Methyl-D-erythritol-2,4-cyclopyrophosphate";"C5H12O9P2"
69;"2-Hydroxy-6-oxohepta-2,4-dienoic acid";"C7H8O4"
70;"4-Methyl-2-oxopentanoic acid";"C6H10O3"
71;"2-Oxoadipic acid";"C6H8O5"
72;"3,4-Dihydroxybenzoic acid";"C7H6O4"
73;"Adenosine-3',5'-bisphosphate";"C10H15N5O10P2"
74;"S-[2-[3-[[4-[[[5-(6-Aminopurin-9-yl)-4-hydroxy-3-phosphonooxyoxolan-2-yl]methoxy-hydroxyphosphoryl]oxy-hydroxyphosphoryl]oxy-2-hydroxy-3,3-dimethylbutanoyl]amino]propanoylamino]ethyl] 3-oxobutanethioate";"C25H40N7O18P3S"
75;"3-Aminopropanal";"C3H7NO"
76;"3-Hydroxyandrost-5-en-17-one";"C19H28O2"
77;"2-Isopropylmalic acid";"C7H12O5"
78;"3-Chloroalanine";"C3H6ClNO2"
79;"3-Cyanopyridine";"C6H4N2"
80;"4,5-Dihydroxy-3-oxocyclohex-1-ene-1-carboxylic acid";"C7H8O5"
81;"3-Deoxy-7-o-phosphonohept-2-ulosonic acid";"C7H13O10P"
82;"1-Cyclohexene-1-carboxylic acid, 5-((1-carboxyethenyl)oxy)-4-hydroxy-3-(phosphonooxy)-";"C10H13O10P"
83;"3-Hydroxyphosphonoyl-2-oxopropanoic acid";"C3H5O5P"
84;"3-Hydroxy-3-methylglutaryl CoA";"C27H44N7O20P3S"
85;"3-Hydroxy-4-trimethylammoniobutanoate";"C7H16NO3+"
86;"3-Hydroxyanthranilic acid";"C7H7NO3"
87;"3-Hydroxy-2-methylpropanoic acid";"C4H8O3"
88;"(S)-3-Hydroxyisobutyryl-CoA";"C25H42N7O18P3S"
89;"3-Hydroxykynurenine";"C10H12N2O4"
90;"CID 90";"C27H44N7O20P3S"
91;"3-(3-Hydroxyphenyl)propanoic acid";"C9H10O3"
92;"5-Ethenyl-2-[hydroxy-(6-methoxyquinolin-4-yl)methyl]-1-azabicyclo[2.2.2]octan-5-ol";"C20H24N2O3"
93;"3-Oxoadipic acid";"C6H8O5"
94;"CID 94";"C27H42N7O20P3S"
95;"2,4,5,6-Tetrahydroxy-3-oxohexanoic acid";"C6H10O7"
96;"Acetoacetic acid";"C4H6O3"
97;"3,5-Dihydroxy-2-(hydroxymethyl)-6-[4,5,6-trihydroxy-2-(hydroxymethyl)oxan-3-yl]oxyoxan-4-one";"C12H20O11"
98;"3-Mercaptopyruvic acid";"C3H4O3S"
99;"3-Methylcrotonyl CoA";"C26H42N7O17P3S"
100;"4-Hydroxy-3-(3,7,11,15,19,23,27,31-octamethyldotriaconta-2,6,10,14,18,22,26,30-octaenyl)benzoic acid";"C47H70O3"
101;"3-Hydroxybenzaldehyde";"C7H6O2"
102;"3-Hydroxybenzyl alcohol";"C7H8O2"
103;"S-[2-[3-[[4-[[[5-(6-Aminopurin-9-yl)-4-hydroxy-3-phosphonooxyoxolan-2-yl]methoxy-hydroxyphosphoryl]oxy-hydroxyphosphoryl]oxy-2-hydroxy-3,3-dimethylbutanoyl]amino]propanoylamino]ethyl] 4-(7,12-dihydroxy-10,13-dimethyl-3-oxo-1,2,4,5,6,7,8,9,11,12,14,15,16,17-tetradecahydrocyclopenta[a]phenanthren-17-yl)pentanethioate";"C45H72N7O20P3S"
104;"5-Oxo-4,5-dihydro-2-furylacetic acid";"C6H6O4"
105;"2-Oxo-3-(phosphonooxy)propanoic acid";"C3H5O7P"
106;"DL-O-Phosphoserine";"C3H8NO6P"
107;"3-Phenylpropionic acid";"C9H10O2"
108;"3-Pyridylacetic acid";"C7H7NO2"
109;"Cysteine sulfinic acid";"C3H7NO4S"
110;"3-Sulfinylpyruvic acid";"C3H4O5S"
111;"3-Ureidopropionic acid";"C4H8N2O3"
112;"3-Hydroxy-2-oxo-4-phosphonooxybutanoate";"C4H6O8P-"
113;"3-Hydroxy-2-oxo-4-(phosphonooxy)butanoic acid";"C4H7O8P"
114;"3-Pyridinebutanoic acid";"C9H11NO2"
115;"CID 115";"C5H12NO7P"
116;"4-Amino-3-[(1-carboxyethenyl)oxy]cyclohexa-1,5-diene-1-carboxylic acid";"C10H11NO5"
117;"5-Amino-1H-imidazole-4-carboxylic acid";"C4H5N3O2"
118;"4-Aminobutanal";"C4H9NO"
119;"gamma-Aminobutyric acid";"C4H9NO2"
120;"4-Carboxymethylenebut-2-en-4-olide";"C6H4O4"
121;"CID 121";"C14H25N3O14P2"
122;"4,6-Dioxooct-2-enedioic acid";"C8H8O6"
123;"Tiformin";"C5H12N4O"
124;"4-Hydroxy-2-oxopentanoic acid";"C5H8O4"
125;"4-Hydroxybenzyl alcohol";"C7H8O2"
126;"4-Hydroxybenzaldehyde";"C7H6O2"
127;"4-Hydroxyphenylacetic acid";"C8H8O3"
128;"4-Imidazolone-5-propionic acid";"C6H8N2O3"
129;"4-Methylpentanal";"C6H12O"
130;"2-Hydroxy-4-oxobutane-1,2,4-tricarboxylic acid";"C7H8O8"
131;"(R)-4'-Phosphonatopantothenate(3-)";"C9H18NO8P"
132;"2-[3-[(2-Hydroxy-3,3-dimethyl-4-phosphonooxybutanoyl)amino]propanoylamino]-3-sulfanylpropanoic acid";"C12H23N2O9PS"
133;"4-Trimethylammoniobutanal";"C7H16NO+"
134;"4-Trimethylammoniobutanoate";"C7H16NO2+"
135;"4-Hydroxybenzoic acid";"C7H6O3"
136;"CID 136";"C20H22N7O6+"
137;"Aminolevulinic acid";"C5H9NO3"
138;"5-Aminovaleric acid";"C5H11NO2"
139;"10,13-Dimethyl-17-(6-methylheptan-2-yl)-2,3,4,5,6,7,8,9,11,12,14,15,16,17-tetradecahydro-1H-cyclopenta[a]phenanthrene-3,7,12-triol";"C27H48O3"
140;"27-Deoxy-5alpha-cyprinol";"C27H48O4"
141;"CID 141";"C14H20N2O16P2"
142;"9H-Purin-6-amine, 9-(5-deoxy-alpha-D-xylofuranosyl)-";"C10H13N5O3"
143;"CID 143";"C20H23N7O7"
144;"5-Hydroxytryptophan";"C11H12N2O3"
145;"2,3-Dihydroxy-5-oxohexanedioic acid";"C6H8O7"
146;"CID 146";"C20H25N7O6"
147;"CID 147";"C11H17N3O5Se"
148;"CID 148";"C11H17N3O5S"
149;"beta-D-Ribofuranose, 1-(6-amino-9H-purin-9-yl)-1-deoxy-5-S-methyl-5-thio-";"C11H15N5O3S"
150;"Phosphoribosylamine";"C5H12NO7P"
151;"[5-[(2-Formamidoacetyl)amino]-3,4-dihydroxyoxolan-2-yl]methyl dihydrogen phosphate";"C8H15N2O9P"
152;"N-(Aminoacetyl)-5-O-phosphonopentofuranosylamine";"C7H15N2O8P"
153;"1-(5-o-Phosphonopentofuranosyl)-1h-imidazol-5-amine";"C8H14N3O7P"
154;"[5-[(1-Amino-2-formamidoethylidene)amino]-3,4-dihydroxyoxolan-2-yl]methyl dihydrogen phosphate";"C8H16N3O8P"
155;"5-Ureidoimidazole-4-carboxylic acid";"C5H6N4O3"
156;"5,6,7,8-Tetrahydropteridine";"C6H8N4"
157;"2,3,4,6-Tetrahydroxy-5-oxohexanoic acid";"C6H10O7"
158;"8-Iso PROSTAGLANDIN E2";"C20H32O5"
159;"CID 159";"C20H32O5"
160;"7-[3,5-Dihydroxy-2-(3-hydroxyoct-1-enyl)cyclopentyl]hept-5-enoic acid";"C20H34O5"
161;"[[3-(2-Amino-4-oxo-4a,7,8,8a-tetrahydro-3H-pteridin-6-yl)-2,3-dihydroxypropoxy]-hydroxyphosphoryl] phosphono hydrogen phosphate";"C9H18N5O13P3"
162;"6-Amino-3,3-dimethyl-7-oxo-4-thia-1-azabicyclo[3.2.0]heptane-2-carboxylic acid";"C8H12N2O3S"
163;"CID 163";"C28H46N7O19P3S"
164;"6-Diazo-5-oxo-norleucine";"C6H9N3O3"
165;"5-Amino-5-carboxy-2-hydroxypent-1-ene-1-diazonium";"C6H10N3O3+"
166;"1-(2-Amino-4-oxo-3,4,4a,5,6,7,8,8a-octahydropteridin-6-yl)propane-1,2-dione";"C9H13N5O3"
167;"6,7-Dihydropteridine";"C6H6N4"
168;"CID 168";"C12H23O14P"
169;"CID 169";"C20H32O4"
170;"CID 170";"C14H14N6O3"
171;"CID 171";"C7H9N5O"
172;"Cholesta-5,7-dien-3-ol";"C27H44O"
173;"8-Amino-7-oxononanoic acid";"C9H17NO3"
174;"1,2-Ethanediol";"(C2H4O)nH2O (n = number of ethylene oxide units corresponding to a molecular weight of 6 000, about 140)""
175;"Acetate";"CH3COO(−)"
176;"Acetic acid";"C2H4O2"
177;"Acetaldehyde";"C2H4O"
178;"Acetamide";"C2H5NO"
179;"Acetoin";"C4H8O2"
180;"Acetone";"C3H6O"
181;"S-[2-[3-[[4-[[[5-(6-Aminopurin-9-yl)-4-hydroxy-3-phosphonooxyoxolan-2-yl]methoxy-hydroxyphosphoryl]oxy-hydroxyphosphoryl]oxy-2-hydroxy-3,3-dimethylbutanoyl]amino]propanoylamino]ethyl] ethanethioate";"C23H38N7O17P3S"
182;"CID 182";"C63H105NO12P2"
183;"CID 183";"C71H118N2O17P2"
184;"H-Asn(%7CA-D-glcnac)-OH";"C12H21N3O8"
185;"N-Acetyl-DL-glutamic acid";"C7H11NO5"
186;"Acetylphosphate";"C2H5O5P"
187;"Acetylcholine";"C7H16NO2+"
188;"CID 188";"C14H24O12"
189;"3-(Acetyloxy)-2-aminopropanoic acid";"C5H9NO4"
190;"Adenine";"C5H5N5"
191;"2-(6-Aminopurin-9-yl)-5-(hydroxymethyl)oxolane-3,4-diol";"C10H13N5O4"
192;"Adpribose";"C15H23N5O14P2"
193;"CID 193";"C14H20N6O5S"
194;"P(1),P(4)-Bis(5'-adenosyl) tetraphosphate";"C20H28N10O19P4"
195;"CID 195";"C14H18N5O11P"
196;"Adipic acid";"C6H10O4"
197;"[5-(6-Aminopurin-9-yl)-3,4-dihydroxy-tetrahydrofuran-2-yl]methyl phosphono hydrogen phosphate";"C10H15N5O10P2"
198;"ADP alpha-D-glucoside(2-)";"C16H25N5O15P2"
199;"Agmatine";"C5H14N4"
200;"1H-Imidazole-4-carboxamide, 5-amino-1-(5-O-phosphono-beta-D-ribofuranosyl)-";"C9H15N4O8P"
201;"3,7,11,15,19,23,27-Heptamethyloctacosa-2,6,10,14,18,22,26-heptaen-1-yl trihydrogen diphosphate";"C35H60O7P2"
202;"3,7,11,15,19,23-Hexamethyltetracosa-2,6,10,14,18,22-hexaen-1-yl trihydrogen diphosphate";"C30H52O7P2"
203;"Allantoic acid";"C4H8N4O4"
204;"Allantoin";"C4H6N4O3"
205;"DL-Threonine";"C4H9NO3"
206;"Hexose";"C6H12O6"
207;"Allysine";"C6H11NO3"
208;"D-Hexose 6-phosphate";"C6H13O9P"
209;"CID 209";"C39H64N6O26"
210;"CID 210";"C25H42N2O19"
211;"5,6-Dimethyl-1-pentofuranosyl-1h-benzimidazole";"C14H18N2O4"
212;"[5-(5,6-Dimethylbenzimidazol-1-yl)-3,4-dihydroxyoxolan-2-yl]methyl dihydrogen phosphate";"C14H19N2O7P"
213;"7-[3-(3-Hydroxyoct-1-enyl)-4,6-dioxabicyclo[3.1.1]heptan-2-yl]hept-5-enoic acid";"C20H32O5"
214;"11alpha,13E,15S]-11,15-Dihydroxy-9-oxoprosta-13-en-1-oic acid";"C20H34O5"
215;"Aminoacetone";"C3H7NO"
216;"(4-Amino-2-methylpyrimidin-5-YL)methyl dihydrogen phosphate";"C6H10N3O4P"
217;"(4-Amino-2-methylpyrimidin-5-yl)methyl trihydrogen diphosphate";"C6H11N3O7P2"
218;"CID 218";"C7H9N5O2"
219;"2-Amino-3-oxobutanoic acid";"C4H7NO3"
220;"Aminoparathion";"C10H16NO3PS"
221;"5-Amino-6-ribitylamino uracil";"C9H16N4O6"
222;"Ammonia";"NH3"
223;"Ammonium ion";"NH4(+)"
224;"Vidarabine monophosphate";"C10H14N5O7P"
225;"d-Epiandrosterone";"C19H30O2"
226;"Amino(phosphanyl)methanol";"CH6NOP"
227;"Anthranilic acid";"C7H7NO2"
228;"[5-(6-Aminopurin-9-yl)-3,4-dihydroxyoxolan-2-yl]methyl sulfo hydrogen phosphate";"C10H14N5O10PS"
229;"Pentose";"C5H10O5"
230;"5-o-Phosphonopentose";"C5H11O8P"
231;"5,8,11,14-Icosatetraenoic Acid";"C20H32O2"
232;"DL-Arginine";"C6H14N4O2"
233;"Hydrogen arsenate";"AsHO4-2"
234;"Arsenic acid";"H3AsO4"
235;"CID 235";"C6H8O6"
236;"DL-Asparagine";"C4H8N2O3"
237;"Quinacrine";"C23H30ClN3O"
238;"Laevadosin";"C10H16N5O13P3"
239;"beta-Alanine";"C3H7NO2"
240;"Benzaldehyde";"C7H6O"
241;"Benzene";"C6H6"
242;"Benzoate";"C6H5COO(−)"
243;"Benzoic acid";"C7H6O2"
244;"Benzyl alcohol";"C7H8O"
245;"N-Acetyl-D-lactosamine";"C14H25NO11"
246;"CID 246";"C19H30O5S"
247;"Betaine";"C5H11NO2"
248;"Trimethyl glycine";"C5H12NO2+"
249;"Betaine aldehyde";"C5H12NO+"
250;"3-[2-[[3-(2-Carboxyethyl)-5-[(3-ethenyl-4-methyl-5-oxopyrrol-2-ylidene)methyl]-4-methyl-1H-pyrrol-2-yl]methyl]-5-[(4-ethenyl-3-methyl-5-oxopyrrol-2-ylidene)methyl]-4-methyl-1H-pyrrol-3-yl]propanoic acid";"C33H36N4O6"
251;"3-[2-[[3-(2-Carboxyethyl)-5-[(3-ethenyl-4-methyl-5-oxopyrrol-2-ylidene)methyl]-4-methyl-1H-pyrrol-2-yl]methylidene]-5-[(4-ethenyl-3-methyl-5-oxopyrrol-2-yl)methylidene]-4-methylpyrrol-3-yl]propanoic acid";"C33H34N4O6"
252;"CID 252";"C9H13N5O3"
253;"Bioepiderm";"C10H16N2O3S"
254;"Biphenyl-2,3-diol";"C12H10O2"
255;"Bis(4-nitrophenyl) hydrogen phosphate";"C12H9N2O8P"
256;"CID 256";"C68H129N2O20P"
257;"CID 257";"C34H66NO12P"
258;"3-[[3-Amino-5-[carbamimidoyl(methyl)amino]pentanoyl]amino]-6-(4-amino-2-oxopyrimidin-1-yl)-3,6-dihydro-2H-pyran-2-carboxylic acid";"C17H26N8O5"
259;"Bromide ion";"Br-"
260;"Hydrobromic acid";"HBr"
261;"Butyraldehyde";"C4H8O"
262;"2,3-Butanediol";"C4H10O2"
263;"1-Butanol";"C4H10O"
264;"Butyric acid";"C4H8O2"
265;"Butanoyl-CoA";"C25H42N7O17P3S"
266;"Butanoyl dihydrogen phosphate";"C4H9O5P"
267;"6-[[4-[2-[2-[3-Acetamido-2-[[[5-(2,4-dioxopyrimidin-1-yl)-3,4-dihydroxyoxolan-2-yl]methoxy-hydroxyphosphoryl]oxy-hydroxyphosphoryl]oxy-5-hydroxy-6-(hydroxymethyl)oxan-4-yl]oxypropanoylamino]propanoylamino]-4-carboxybutanoyl]amino]-2-amino-7-[[1-(1-carboxyethylamino)-1-oxopropan-2-yl]amino]-7-oxoheptanoic acid";"C41H65N9O28P2"
268;"4-[2-[2-[3-Acetamido-2-[[[5-(2,4-dioxopyrimidin-1-yl)-3,4-dihydroxyoxolan-2-yl]methoxy-hydroxyphosphoryl]oxy-hydroxyphosphoryl]oxy-5-hydroxy-6-(hydroxymethyl)oxan-4-yl]oxypropanoylamino]propanoylamino]-5-[[6-amino-1-[[1-(1-carboxyethylamino)-1-oxopropan-2-yl]amino]-1-oxohexan-2-yl]amino]-5-oxopentanoic acid";"C40H65N9O26P2"
269;"6-[[4-[2-[2-[3-Acetamido-5-hydroxy-2-[hydroxy-[hydroxy(3,7,11,15,19,23,27,31,35,39,43-undecamethyltetratetraconta-2,6,10,14,18,22,26,30,34,38,42-undecaenoxy)phosphoryl]oxyphosphoryl]oxy-6-(hydroxymethyl)oxan-4-yl]oxypropanoylamino]propanoylamino]-4-carboxybutanoyl]amino]-2-amino-7-[[1-(1-carboxyethylamino)-1-oxopropan-2-yl]amino]-7-oxoheptanoic acid";"C87H143N7O23P2"
270;"6-[[4-[2-[2-[3-Acetamido-5-[3-acetamido-4,5-dihydroxy-6-(hydroxymethyl)oxan-2-yl]oxy-2-[hydroxy-[hydroxy(3,7,11,15,19,23,27,31,35,39,43-undecamethyltetratetraconta-2,6,10,14,18,22,26,30,34,38,42-undecaenoxy)phosphoryl]oxyphosphoryl]oxy-6-(hydroxymethyl)oxan-4-yl]oxypropanoylamino]propanoylamino]-4-carboxybutanoyl]amino]-2-amino-7-[[1-(1-carboxyethylamino)-1-oxopropan-2-yl]amino]-7-oxoheptanoic acid";"C95H156N8O28P2"
271;"Calcium ion";"Ca+2"
272;"CID 272";"CaH2"
273;"Cadaverine";"C5H14N2"
274;"Acrasin";"C10H12N5O6P"
275;"Canavanine, DL-";"C5H12N4O3"
276;"Carbamate";"CH2NO2-"
277;"Carbamic acid";"NH2COOH"
278;"Phosphoric acid mono(formamide)ester";"CH4NO5P"
279;"Ureidosuccinic acid";"C5H8N2O5"
280;"Carbon dioxide";"CO2"
281;"Carbon monoxide";"CO"
282;"3-(5,6-Dihydroxycyclohexa-1,3-dien-1-yl)propanoic acid";"C9H12O4"
283;"Formate";"CHO2(−)"
284;"Formic acid";"HCOOH"
285;"(Aminooxy)acetate";"C2H4NO3-"
286;"Aminooxyacetic acid";"C2H5NO3"
287;"2-[(3,4-Dihydroxy-2-oxo-5-phosphonooxypentyl)amino]benzoic acid";"C12H16NO9P"
288;"Carnitine";"C7H15NO3"
289;"Catechol";"C6H6O2"
290;"4-Amino-1-{5-o-[hydroxy(phosphonooxy)phosphoryl]pentofuranosyl}pyrimidin-2(1h)-one";"C9H15N3O11P2"
291;"CID 291";"C14H27N4O11P2+"
292;"CID 292";"C15H25N3O16P2"
293;"CID 293";"C11H20N4O11P2"
294;"Cellobiose";"C12H22O11"
295;"CID 295";"C10H12N5O7P"
296;"2-Methyl-3-oxopropanoic acid";"C4H6O3"
297;"Methane";"CH4"
298;"2,2-Dichloro-N-[1,3-dihydroxy-1-(4-nitrophenyl)propan-2-yl]acetamide";"C11H12Cl2N2O5"
299;"Chlordecone";"C10Cl10O"
300;"Chloroacetic acid";"C2H3ClO2"
301;"Chlorohydroquinone";"C6H5ClO2"
302;"CID 302";"C24H38O5"
303;"Cholan-24-oic acid, 3,7,12-trihydroxy-, (3alpha,5beta,7alpha,12alpha)-";"C24H40O5"
304;"Cholest-5-en-3-ol";"C27H46O"
305;"Choline";"C5H14NO+"
306;"a-(5-Carboxy-1,2-dihydro-2-hydroxyphenoxy)acrylic acid";"C10H10O6"
307;"2-Propenal, 3-phenyl-";"C9H8O"
308;"2-Propen-1-ol, 3-phenyl-";"C9H10O"
309;"Aconitic acid";"C6H6O6"
310;"2,4-Hexadienedioic acid";"C6H6O4"
311;"Citric acid";"(a)C6H8O7(anhydrous)"
312;"Chloride ion";"Cl-"
313;"Hydrochloric acid";"HCl"
314;"Poly C";"C9H14N3O8P"
315;"CID 315";"C17H26N3O15P"
316;"Cytidine monophosphate N-acetylneuraminic acid";"C20H31N4O16P"
317;"CID 317";"C21H36N7O16P3S"
318;"Cobalt;3-[2,13,18-tris(2-amino-2-oxoethyl)-12,17-bis(3-amino-3-oxopropyl)-3-[3-(2-hydroxypropylamino)-3-oxopropyl]-3,5,8,8,13,15,18,19-octamethyl-1,2,5,6,7,10,12,17-octahydrocorrin-7-yl]propanamide";"C48H75CoN11O8"
319;"CID 319";"C48H75N11O8"
320;"3-Pentofuranosyl-3,4,7,8-tetrahydroimidazo[4,5-d][1,3]diazepin-8-ol";"C11H16N4O5"
321;"Coproporphyrinogen III";"C36H44N4O8"
322;"p-Hydroxy-cinnamic acid";"C9H8O3"
323;"Coumarin";"C9H6O2"
324;"S-[2-[3-[[4-[[[5-(6-Aminopurin-9-yl)-4-hydroxy-3-phosphonooxyoxolan-2-yl]methoxy-hydroxyphosphoryl]oxy-hydroxyphosphoryl]oxy-2-hydroxy-3,3-dimethylbutanoyl]amino]propanoylamino]ethyl] 3-(4-hydroxyphenyl)prop-2-enethioate";"C30H42N7O18P3S"
325;"4-Isopropylbenzyl alcohol";"C10H14O"
326;"4-Isopropylbenzaldehyde";"C10H12O"
327;"CID 327";"C14H8N2O8"
328;"4-Hydroxyphenylglycolic acid";"C8H8O4"
329;"(3,4-Dihydroxy-5-methylsulfanyl-2-oxo-pentoxy)phosphonic acid";"C6H13O7PS"
330;"10,13-Dimethyl-17-(6-methylheptan-2-yl)-2,3,4,5,6,7,11,12,14,15,16,17-dodecahydro-1H-cyclopenta[a]phenanthren-3-ol";"C27H46O"
331;"Hexanoic acid, 3,5-diamino-";"C6H14N2O2"
332;"2-Methoxy-4-vinylphenol";"C9H10O2"
333;"5-Amino-6-(5'-phosphoribitylamino)uracil";"C9H17N4O9P"
334;"CID 334";"C27H44O2"
335;"o-Cresol";"C7H8O"
336;"Ureidoglycolic Acid";"C3H6N2O4"
337;"3,4,5-Trihydroxy-2-pentanone";"C5H10O4"
338;"Salicylic acid";"C7H6O3"
339;"(2-Aminoethyl)phosphonic acid";"C2H8NO3P"
340;"3-Methylcatechol";"C7H8O2"
341;"Digallic acid";"C14H10O9"
342;"m-Cresol";"C7H8O"
343;"Hexahydro-1,3,2-benzodioxaphosphol-2,4,5,6,7-pentol-2-oxid";"C6H11O8P"
344;"3,4,5-Trihydroxycyclohexane-1,2-dione";"C6H8O5"
345;"2-Butene-1,2,3-tricarboxylic acid";"C7H8O6"
346;"Ursin";"C12H16O7"
347;"2-(Hydroxymethyl)-6-[3-(hydroxymethyl)phenoxy]oxane-3,4,5-triol";"C13H18O7"
348;"[3,4,5-Trihydroxy-6-(4-hydroxyphenoxy)oxan-2-yl]methyl dihydrogen phosphate";"C12H17O10P"
349;"2,3,5-Trihydroxy-6-(hydroxymethyl)oxan-4-one";"C6H10O6"
350;"3-Phosphonooxy-2-(7-sulfanylheptanoylamino)butanoic acid";"C11H22NO7PS"
351;"3-Phosphonooxy-2-[7-(2-sulfoethyldisulfanyl)heptanoylamino]butanoic acid";"C13H26NO10PS3"
352;"4-Amino-5-[[2-amino-6-[1,2-bis[(2-amino-4-carboxybutanoyl)oxy]propyl]-5,8-dihydropteridin-4-yl]oxy]-5-oxopentanoic acid";"C24H34N8O12"
353;"4-Amino-5-[[2-amino-6-[1,2-bis[(2-amino-4-carboxybutanoyl)oxy]propyl]-5-methyl-8H-pteridin-4-yl]oxy]-5-oxopentanoic acid";"C25H36N8O12"
354;"2-Oxohept-3-enedioic acid";"C7H8O5"
355;"4-Hydroxyphenylglyoxylic acid";"C8H6O4"
356;"Octane";"C8H18"
357;"1,3,4,6-Tetrachloro-1,4-cyclohexadiene";"C6H4Cl4"
358;"5-Amino-3-oxohexanoic acid";"C6H11NO3"
359;"Phloroglucinol";"C6H6O3"
360;"3,8-Dimethyldec-7-enyl [3,4,5-trihydroxy-6-(hydroxymethyl)oxan-2-yl] hydrogen phosphate";"C18H35O9P"
361;"Dihydrophloroglucinol";"C6H8O3"
362;"1,2-Dihydronaphthalene-1,2-diol";"C10H10O2"
363;"2-Aminoacetaldehyde";"C2H5NO"
364;"2,3-Diaminopropionic acid";"C3H8N2O2"
365;"S-[2-[3-[[4-[[[5-(6-Aminopurin-9-yl)-4-hydroxy-3-phosphonooxyoxolan-2-yl]methoxy-hydroxyphosphoryl]oxy-hydroxyphosphoryl]oxy-2-hydroxy-3,3-dimethylbutanoyl]amino]propanoylamino]ethyl] octadeca-9,12-dienethioate";"C39H66N7O17P3S"
366;"4-Methylumbelliferyl acetate";"C12H10O4"
367;"CID 367";"C10H8O3"
368;"Sym-homospermidine";"C8H21N3"
369;"CID 369";"C16H25N5O17P2"
370;"Gallic acid";"C7H6O5"
371;"Acetylenedicarboxylic acid";"C4H2O4"
372;"2-Oxo-2H-pyran-4,6-dicarboxylic acid";"C7H4O6"
373;"CID 373";"C7H6O7"
374;"4-Oxobut-2-ene-1,2,4-tricarboxylic acid";"C7H6O7"
375;"CID 375";"C55H90O"
376;"3-Hydroxy-5-oxohexanoic acid";"C6H10O4"
377;"CID 377";"C20H39NO12P2"
378;"4-Nitrophenyl phosphate";"C6H6NO6P"
379;"Octanoic acid";"C8H16O2"
380;"Capryloyl-CoA";"C29H50N7O17P3S"
381;"S-[2-[3-[[4-[[[5-(6-Aminopurin-9-yl)-4-hydroxy-3-phosphonooxyoxolan-2-yl]methoxy-hydroxyphosphoryl]oxy-hydroxyphosphoryl]oxy-2-hydroxy-3,3-dimethylbutanoyl]amino]propanoylamino]ethyl] 3-hydroxy-5-oxohexanethioate";"C27H44N7O19P3S"
382;"S-[2-[3-[[4-[[[5-(6-Aminopurin-9-yl)-4-hydroxy-3-phosphonooxyoxolan-2-yl]methoxy-hydroxyphosphoryl]oxy-hydroxyphosphoryl]oxy-2-hydroxy-3,3-dimethylbutanoyl]amino]propanoylamino]ethyl] 4-hydroxybenzenecarbothioate";"C28H40N7O18P3S"
383;"S-[2-[3-[[4-[[[5-(6-Aminopurin-9-yl)-4-hydroxy-3-phosphonooxyoxolan-2-yl]methoxy-hydroxyphosphoryl]oxy-hydroxyphosphoryl]oxy-2-hydroxy-3,3-dimethylbutanoyl]amino]propanoylamino]ethyl] 4-(3,7,12-trihydroxy-10,13-dimethyl-2,3,4,5,6,7,8,9,11,12,14,15,16,17-tetradecahydro-1H-cyclopenta[a]phenanthren-17-yl)pentanethioate";"C45H74N7O20P3S"
384;"2-[(1-Hydroxy-1-oxopropan-2-yl)amino]pentanoic acid";"C8H15NO4"
385;"Pimelic acid";"C7H12O4"
386;"S-[2-[3-[[4-[[[5-(6-Aminopurin-9-yl)-4-hydroxy-3-phosphonooxyoxolan-2-yl]methoxy-hydroxyphosphoryl]oxy-hydroxyphosphoryl]oxy-2-hydroxy-3,3-dimethylbutanoyl]amino]propanoylamino]ethyl] 3,7,11,15-tetramethylhexadecanethioate";"C41H74N7O17P3S"
387;"S-[2-[3-[[4-[[[5-(6-Aminopurin-9-yl)-4-hydroxy-3-phosphonooxyoxolan-2-yl]methoxy-hydroxyphosphoryl]oxy-hydroxyphosphoryl]oxy-2-hydroxy-3,3-dimethylbutanoyl]amino]propanoylamino]ethyl] 2-phenylethanethioate";"C29H42N7O17P3S"
388;"Malyl-coenzyme A";"C25H40N7O20P3S"
389;"DL-Ornithine";"C5H12N2O2"
390;"CID 390";"C15H22N2O18P2"
391;"3,8-Dimethyldec-7-enyl phosphono hydrogen phosphate";"C12H26O7P2"
392;"beta-Lysine";"C6H14N2O2"
393;"2,4,5-Trihydroxy-3-oxo-6-phosphonooxyhexanoic acid";"C6H11O10P"
394;"CID 394";"C43H55FeN8O6S2"
395;"CID 395";"C43H58N8O6S2"
396;"CID 396";"C43H55FeN8O6S2-"
397;"Indole-3-acetamide";"C10H10N2O"
398;"2-Nitropropane";"C3H7NO2"
399;"Buta-1,3-diene-1,2,4-tricarboxylic acid";"C7H6O6"
400;"N-(2-Formylphenyl)formamide";"C8H7NO2"
401;"4-Aminoisoxazolidin-3-one";"C3H6N2O2"
402;"Hydrogen sulfide";"H2S"
403;"4-Aminophenol";"C6H7NO"
404;"2-Amino-6-(hydroxyamino)hexanoic acid";"C6H14N2O3"
405;"10,13-Dimethyl-17-(6-methylheptan-2-yl)-2,3,4,7,8,9,11,12,14,15,16,17-dodecahydro-1H-cyclopenta[a]phenanthrene-3,7-diol";"C27H46O2"
406;"CID 406";"HO3P-2"
407;"CID 407";"H3O3P"
408;"1-Methyl-5-(3-pyridinyl)-2-pyrrolidinone";"C10H12N2O"
409;"Nicotine 1-N-oxide";"C10H14N2O"
410;"3,4,5-Trihydroxy-6-[3-(1-methylpyrrolidin-2-yl)pyridin-1-ium-1-yl]oxane-2-carboxylic acid";"C16H23N2O6+"
411;"Cotinineglucuronide";"C16H21N2O7+"
412;"Nornicotine";"C9H12N2"
413;"Norcotinine";"C9H10N2O"
414;"3-Hydroxy-1-methyl-5-(3-pyridinyl)-2-pyrrolidinone";"C10H12N2O2"
415;"5-Hydroxy-1-methyl-5-pyridin-3-ylpyrrolidin-2-one";"C10H12N2O2"
416;"CID 416";"C16H20N2O8"
417;"CID 417";"C6H5ClO4"
418;"3,5-Cyclohexadiene-1,2-diol";"C6H8O2"
419;"4-Oxohex-2-enedioic acid";"C6H6O5"
420;"Cholest-7-en-3beta-ol";"C27H46O"
421;"Dihydrolipoic acid";"C8H16O2S2"
422;"6-Phosphonatooxy-D-gluconate";"C6H13O10P"
423;"2-Amino-4-oxopentanoic acid";"C5H9NO3"
424;"DL-Aspartic acid";"C4H7NO4"
425;"1-(2,4-Dihydroxyphenyl)-3-(4-hydroxyphenyl)prop-2-en-1-one";"C15H12O4"
426;"Nopaline";"C11H20N4O6"
427;"2-(1-Carboxyethylamino)-5-guanidino-pentanoic acid";"C9H18N4O4"
428;"1,3-Diaminopropane";"C3H10N2"
429;"7,8-Dimethyl-10-(2,3,4,5-tetrahydroxypentyl)-4a,5-dihydrobenzo[g]pteridine-2,4-dione";"C17H22N4O6"
430;"N-Methylnicotinium";"C11H17N2+"
431;"Nicotine imine";"C10H13N2+"
432;"1-Methyl-2-(pyridin-3-yl)pyrrolidin-2-ol";"C10H14N2O"
433;"1-(Hydroxymethyl)-5-pyridin-3-ylpyrrolidin-2-one";"C10H12N2O2"
434;"Pseudooxynicotine";"C10H14N2O"
435;"4-Oxo-4-(3-pyridyl)-butanamide";"C9H10N2O2"
436;"Oxoamide";"C10H12N2O2"
437;"4-Oxo-4-(pyridin-3-yl)butanoic acid";"C9H9NO3"
438;"4-Hydroxy-4-(3-pyridyl)-butanoic acid";"C9H11NO3"
439;"4-Pyridin-3-ylbut-3-enoic acid";"C9H9NO2"
440;"Cholestenone";"C27H44O"
441;"3-Hydroxybutyric acid";"C4H8O3"
442;"3,4,5-Trihydroxy-2-oxo-6-phosphonooxyhexanoic acid";"C6H11O10P"
443;"5beta-Androstane-3,17-dione";"C19H28O2"
444;"Bupropion";"C13H18ClNO"
445;"2-(Tert-butylamino)-1-(3-chlorophenyl)propan-1-ol";"C13H20ClNO"
446;"Hydroxybupropion";"C13H18ClNO2"
447;"3-Chlorobenzoic acid";"C7H5ClO2"
448;"m-Chlorohippuric acid";"C9H8ClNO3"
449;"Mevalonate";"C6H12O4"
450;"Estra-1,3,5(10)-triene-3,17-diol";"C18H24O2"
451;"CID 451";"C16H25N5O15P2"
452;"2,3,4,5,6-Pentahydroxycyclohexanone";"C6H10O6"
453;"Hexitol";"C6H14O6"
454;"Octanal";"C8H16O"
455;"2-Amino-6-(2-hydroxypropanoyl)-4a,7,8,8a-tetrahydro-3H-pteridin-4-one";"C9H13N5O3"
456;"Oxaluric acid";"C3H4N2O4"
457;"1-Methylnicotinamide";"C7H9N2O+"
458;"S-Methylmethionine";"C6H14NO2S+"
459;"CID 459";"C10H14N5O6PS2"
460;"Guaiacol";"C7H8O2"
461;"Palmitoylcarnitine";"C23H45NO4"
462;"Palmitoyl carnitine";"C23H46NO4+"
463;"N2-Succinoylarginine";"C10H18N4O5"
464;"Hippuric acid";"C9H9NO3"
465;"[3,4-Dihydroxy-5-(methylsulfanylmethyl)oxolan-2-yl] dihydrogen phosphate";"C6H13O7PS"
466;"Glucose-L-phosphate";"C6H13O9P"
467;"CID 467";"C40H68O7P2"
468;"CID 468";"C30H52O7P2"
469;"2-Aminohexanedioic acid";"C6H11NO4"
470;"2,4-Diaminobutanoic acid";"C4H10N2O2"
471;"Dihydroquercetin";"C15H12O7"
472;"4-(2-Aminophenyl)-2,4-dioxobutanoic acid";"C10H9NO4"
473;"4-(Methylsulfanyl)-2-oxobutanoic acid";"C5H8O3S"
474;"[5-(6-Aminopurin-9-yl)-3,4-dihydroxyoxolan-2-yl]methyl dimethylamino hydrogen phosphate";"C12H19N6O7P"
475;"(3,4,5-Trihydroxy-6-methyloxan-2-yl) dihydrogen phosphate";"C6H13O8P"
476;"3-Hydroxy-3-methyl-5-phosphonooxypentanoic acid";"C6H13O7P"
477;"Myo-Inositol,1,3,4,6-tetrakis(dihydrogen phosphate)";"C6H16O18P4"
478;"(2,4-Dihydroxy-3,5,6-triphosphonooxycyclohexyl) dihydrogen phosphate";"C6H16O18P4"
479;"Butyramide, 2,4-dihydroxy-N-(2-((2-mercaptoethyl)carbamoyl)ethyl)-3,3-dimethyl-";"C11H22N2O4S"
480;"CID 480";"C15H10O7"
481;"1-o-Phosphonohex-2-ulose";"C6H13O9P"
482;"Inositol pentakisphosphate";"C6H17O21P5"
483;"D-Fructofuranose,2,6-bis(dihydrogen phosphate)";"C6H14O12P2"
484;"4-Aminoimidazole";"C3H5N3"
485;"Choline sulfate";"C5H13NO4S"
486;"Choline hydrogen sulfate";"C5H14NO4S+"
487;"Methylmalonic acid";"C4H6O4"
488;"S-Formylglutathionate(1-)";"C11H17N3O7S"
489;"[2,4,5-Trihydroxy-6-(hydroxymethyl)oxan-3-yl]sulfamic acid";"C6H13NO8S"
490;"Phosphonoacetaldehyde";"C2H5O4P"
491;"Trithionate";"O6S3-2"
492;"Trithionic acid";"H2O6S3"
493;"ADP-Ribosyl-L-arginine";"C21H35N9O15P2"
494;"5-(Methylsulfanylmethyl)oxolane-2,3,4-triol";"C6H12O4S"
495;"2-Amino-4-[(3,4,5-trihydroxyoxolan-2-yl)methylsulfanyl]butanoic acid";"C9H17NO6S"
496;"N1-Acetylspermidine";"C9H21N3O"
497;"5-(2-Oxohexahydro-1H-thieno[3,4-d]imidazol-4-yl)pentanamide";"C10H17N3O2S"
498;"CID 498";"C20H26N10O13P2S2"
499;"DL-Pyroglutamic acid";"C5H7NO3"
500;"4-Guanidinobutyric acid";"C5H11N3O2"
501;"2-Amino-5-(amino-dimethylamino-methylidene)amino-pentanoic acid";"C8H18N4O2"
502;"N-Carbamoylputrescine";"C5H13N3O"
503;"2-Amino-N-carbamoylacetamide";"C3H7N3O2"
504;"4-Imidazolone";"C3H4N2O"
505;"[5-[(5-Amino-2,4-dioxo-1H-pyrimidin-6-yl)amino]-3,4-dihydroxyoxolan-2-yl]methyl dihydrogen phosphate";"C9H15N4O9P"
506;"CID 506";"C12H10N4O2"
507;"CID 507";"C12H21N3O13P2"
508;"CID 508";"C10H17N5O16P4"
509;"CID 509";"C20H28N10O21P4"
510;"Trimetaphosphoric acid";"H3O9P3"
511;"Thiamine triphosphate";"C12H20N4O10P3S+"
512;"2,6-Dioxo-6-phenylhex-3-enoic acid";"C12H10O4"
513;"Methylisocitric acid";"C7H10O7"
514;"[[5-(6-Aminopurin-9-yl)-3,4-dihydroxyoxolan-2-yl]methoxy-hydroxyphosphoryl] 2,3-dihydroxybenzoate";"C17H18N5O10P"
515;"2-Methylcitric acid";"C7H10O7"
516;"5-Diphosphomevalonic acid";"C6H14O10P2"
517;"CID 517";"C43H50N4O16"
518;"3-[5,9,19-Tris(2-carboxyethyl)-4,10,15-tris(carboxymethyl)-2-hydroxy-2,15,20-trimethyl-22-oxo-23-oxa-24,25,26,27-tetrazahexacyclo[16.5.1.13,6.18,11.113,16.01,20]heptacosa-3,5,8,10,12,16,18(24)-heptaen-14-yl]propanoic acid";"C43H50N4O17"
519;"3,4-Dihydroxy-5-oxo-6-phosphonooxyhexanoic acid";"C6H11O9P"
520;"2-Amino-3-hydroxyoctadecyl dihydrogen phosphate";"C18H40NO5P"
521;"S-[2-[3-[[4-[[[5-(6-Aminopurin-9-yl)-4-hydroxy-3-phosphonooxyoxolan-2-yl]methoxy-hydroxyphosphoryl]oxy-hydroxyphosphoryl]oxy-2-hydroxy-3,3-dimethylbutanoyl]amino]propanoylamino]ethyl] 3-hydroxybutanethioate";"C25H42N7O18P3S"
522;"3-[1-Acetyl-8,13,17-tris(2-carboxyethyl)-2,7,12,18-tetrakis(carboxymethyl)-2,7,17-trimethyl-10,15,21,23-tetrahydro-3H-corrin-3-yl]propanoic acid";"C44H52N4O17"
523;"2,5-Dioxopentanoic acid";"C5H6O4"
524;"2-Hydroxy-3-oxosuccinic acid";"C4H4O6"
525;"Malic acid";"C4H6O5"
526;"CID 526";"C45H54N4O17"
527;"Propionaldehyde";"C3H6O"
528;"Acetylhomoserine";"C6H11NO4"
529;"2-Phosphoglycolic Acid";"C2H5O6P"
530;"CID 530";"C20H24N8O6"
531;"S-[2-[3-[[4-[[[5-(6-Aminopurin-9-yl)-4-hydroxy-3-phosphonooxyoxolan-2-yl]methoxy-hydroxyphosphoryl]oxy-hydroxyphosphoryl]oxy-2-hydroxy-3,3-dimethylbutanoyl]amino]propanoylamino]ethyl] 3-aminobutanethioate";"C25H43N8O17P3S"
532;"CID 532";"C44H54N4O16"
533;"Hydrogen selenide";"H2Se"
534;"CID 534";"C44H56N4O16"
535;"1-Aminocyclopropanecarboxylic acid";"C4H7NO2"
536;"3-[3,13,17-Tris(2-carboxyethyl)-2,7,18-tris(carboxymethyl)-1,2,5,7,11,15,17-heptamethyl-12-methylidene-8,10,15,18,19,23-hexahydro-3H-corrin-8-yl]propanoic acid";"C45H60N4O14"
537;"CID 537";"C45H62N4O14"
538;"CID 538";"C45H64N6O12"
539;"3-[13,18-Bis(2-amino-2-oxoethyl)-3,12,17-tris(2-carboxyethyl)-2-(carboxymethyl)-3,5,8,8,13,15,18,19-octamethyl-1,2,5,6,7,10,12,17-octahydrocorrin-7-yl]propanoic acid;cobalt";"C45H64CoN6O12"
540;"Cyanic acid";"CHNO"
541;"4-Nitrobenzaldehyde";"C7H5NO3"
542;"Muconolactone";"C6H6O4"
543;"4-Carboxymuconolactone";"C7H6O6"
544;"Arsorite";"AsO3-3"
545;"Arsenous acid";"As(OH)3"
546;"Phosphonoacetic acid";"C2H5O5P"
547;"3,4-Dihydroxyphenylacetic acid";"C8H8O4"
548;"5-(Hydroxymethylidene)-2-oxohept-3-enedioic acid";"C8H8O6"
549;"CID 549";"C8H8O7"
550;"CID 550";"C8H8O7"
551;"2-Hydroxyhepta-2,4-dienedioic acid";"C7H8O5"
552;"CID 552";"C32H46N7O18P"
553;"4-Hydroxy-2-oxoheptanedioic acid";"C7H10O6"
554;"(S)-1,1-Dimethylpyrrolidin-1-ium-2-carboxylate";"C7H13NO2"
555;"Pyrrolidinium, 2-carboxy-1,1-dimethyl-";"C7H14NO2+"
556;"2-[(4-Hydroxy-4-oxobutanoyl)amino]-5-oxopentanoic acid";"C9H13NO6"
557;"1-Methylpyrrolidine-2-carboxylic acid";"C6H11NO2"
558;"2-Oxoarginine";"C6H11N3O3"
559;"4-Guanidinobutanal";"C5H11N3O"
560;"3,4,6-Trihydroxy-5-oxohexanoic acid";"C6H10O6"
561;"5-(Methylthio)-2,3-dioxopentyl phosphate";"C6H11O6PS"
562;"1-Penten-3-one, 1,2-dihydroxy-5-(methylthio)-";"C6H10O3S"
563;"3-(Methylthio)propionic acid";"C4H8O2S"
564;"Aminocaproic acid";"C6H13NO2"
565;"CID 565";"C33H48N7O18P"
566;"Acetic acid;phenylmercury";"C8H9HgO2"
567;"Phenylmercury";"C6H5Hg"
568;"Dibenzofuran";"C12H8O"
569;"3-(2-Hydroxyphenyl)catechol";"C12H10O3"
570;"6-Hydroxy-2-oxo-6-phenylhexa-3,5-dienoic acid";"C12H10O4"
571;"Butanoic acid, 4-[[6-amino-1-(2-mercaptoethyl)-6-oxohexyl]thio]-4-oxo-";"C12H21NO4S2"
572;"Fosmidomycin";"C4H10NO5P"
573;"beta,beta-Carotene";"C40H56"
574;"CID 574";"C21H20O12"
575;"CID 575";"C21H20O11"
576;"CID 576";"C15H10O6"
577;"[4,5-Dihydroxy-6-(hydroxymethyl)-2-(2,3,4,5,6-pentahydroxycyclohexyl)oxyoxan-3-yl]azanium";"C12H24NO10+"
578;"6-[3-Amino-4,5-dihydroxy-6-(hydroxymethyl)oxan-2-yl]oxycyclohexane-1,2,3,4,5-pentol";"C12H23NO10"
579;"1-Adgmi";"C14H25NO11"
580;"2-Acetamido-N-[4,5-dihydroxy-6-(hydroxymethyl)-2-(2,3,4,5,6-pentahydroxycyclohexyl)oxyoxan-3-yl]-3-sulfanylpropanamide";"C17H30N2O12S"
581;"L-Cysteine, N-acetyl-";"C5H9NO3S"
582;"2-Acetamido-3-[[2-acetamido-3-[[4,5-dihydroxy-6-(hydroxymethyl)-2-(2,3,4,5,6-pentahydroxycyclohexyl)oxyoxan-3-yl]amino]-3-oxopropyl]disulfanyl]-N-[4,5-dihydroxy-6-(hydroxymethyl)-2-(2,3,4,5,6-pentahydroxycyclohexyl)oxyoxan-3-yl]propanamide";"C34H58N4O24S2"
583;"Cotinine methonium ion";"C11H15N2O+"
584;"2-Hydroxychromene-2-carboxylic acid";"C10H8O4"
585;"4-(2-Hydroxyphenyl)-2-oxobut-3-enoic acid";"C10H8O4"
586;"Creatine";"C4H9N3O2"
587;"2-(1-Methyl-3-phosphonoguanidino)acetic acid";"C4H10N3O5P"
588;"Creatinine";"C4H7N3O"
589;"4-(Trimethylammonio)but-2-enoate";"C7H13NO2"
590;"(4-Hydroxy-4-oxobut-2-enyl)-trimethylazanium";"C7H14NO2+"
591;"CID 591";"C28H48N8O17P3S+"
592;"S-[2-[3-[[4-[[[5-(6-Aminopurin-9-yl)-4-hydroxy-3-phosphonooxyoxolan-2-yl]methoxy-hydroxyphosphoryl]oxy-hydroxyphosphoryl]oxy-2-hydroxy-3,3-dimethylbutanoyl]amino]propanoylamino]ethyl] but-2-enethioate";"C25H40N7O17P3S"
593;"Cytidine triphosphate disodium salt";"C9H16N3O14P3"
594;"DL-Cysteine";"C3H7NO2S"
595;"Cystine";"C6H12N2O4S2"
596;"Cytosine-beta-D-arabinofuranoside";"C9H13N3O5"
597;"Cytosine";"C4H5N3O"
598;"2-Mercaptoethanesulfonic acid";"C2H6O3S2"
599;"4-Hydroxy-2-oxoglutaric acid";"C5H6O6"
600;"((2R,3S,4S,5R)-3,4,5-Trihydroxy-6-oxotetrahydro-2H-pyran-2-yl)methyl dihydrogen phosphate";"C6H11O9P"
601;"DL-Alanyl-DL-alanine";"C6H12N2O3"
602;"Alanine";"C3H7NO2"
603;"DL-Fructose-6-phosphate";"C6H13O9P"
604;"2,3,4,5,6-Pentahydroxyhexanoic acid";"C6H12O7"
605;"CID 605";"C28H50N8O18P3S+"
606;"Imidazole glycerol phosphate";"C6H11N2O6P"
607;"Saccharolactic acid";"C6H10O8"
608;"D-Galactonic acid, gamma-lactone";"C6H10O6"
609;"GlcN-6-Phosphate";"C6H14NO8P"
610;"Hexuronic Acid";"C6H10O7"
611;"DL-Glutamic acid";"C5H9NO4"
612;"Lactic acid";"C3H6O3"
613;"CID 613";"C25H40N7O19P3S"
614;"Proline";"C5H9NO2"
615;"(3,4,5-Trihydroxy-2-oxopentyl) dihydrogen phosphate";"C5H11O8P"
616;"Sedoheptulose 7-phosphate(2-)";"C7H15O10P"
617;"DL-Serine";"C3H7NO3"
618;"Alditol 6-phosphate";"C6H15O9P"
619;"Ribulose";"C5H10O5"
620;"9-{2-Deoxy-5-o-[hydroxy(phosphonooxy)phosphoryl]pentofuranosyl}-9h-purin-6-amine";"C10H15N5O9P2"
621;"2-Deoxyadenosine-5-monophosphate";"C10H14N5O6P"
622;"2'-Deoxyadenosine 5'-triphosphate disodium salt(dATP)";"C10H16N5O12P3"
623;"4-Amino-1-{2-deoxy-5-o-[hydroxy(phosphonooxy)phosphoryl]pentofuranosyl}-2(1h)-pyrimidinone";"C9H15N3O10P2"
624;"[5-(4-Amino-2-oxohydropyrimidinyl)-3-hydroxyoxolan-2-yl]methyl dihydrogen phos phate";"C9H14N3O7P"
625;"CID 625";"C9H16N3O13P3"
626;"2-Deoxyhexonic acid";"C6H12O6"
627;"2-Deoxyhex-3-ulosonic acid";"C6H10O6"
628;"CID 628";"C21H27N6O15P2+"
629;"3-[[3-Amino-5-[carbamimidoyl(methyl)amino]pentanoyl]amino]-6-(2,4-dioxopyrimidin-1-yl)-3,6-dihydro-2H-pyran-2-carboxylic acid";"C17H25N7O6"
630;"1,3,4-Trihydroxy-5-oxo-cyclohexanecarboxylic acid";"C7H10O6"
631;"2-Amino-1-hydroxyoctadecan-3-one";"C18H37NO2"
632;"2,3,4,5-Tetrahydropyridine-2,6-dicarboxylic acid";"C7H9NO4"
633;"2-(3,7,11,15,19,23,27,31-Octamethyldotriaconta-2,6,10,14,18,22,26,30-octaenyl)naphthalene-1,4-dione";"C50H70O2"
634;"2-Deoxy-1-o-phosphonopentofuranose";"C5H11O7P"
635;"(3,5-Dihydroxyoxolan-2-yl)methyl dihydrogen phosphate";"C5H11O7P"
636;"Deoxyadenosine";"C10H13N5O3"
637;"Cytosine deoxyribonucleoside";"C9H13N3O4"
638;"CID 638";"C10H13N5O4"
639;"CID 639";"C10H12N4O4"
640;"2'-Desoxyuridine";"C9H12N2O5"
641;"(2,3-Dihydroxy-4-oxopentyl) dihydrogen phosphate";"C5H11O7P"
642;"CID 642";"C21H35N7O13P2S"
643;"Desthiobiotin";"C10H18N2O3"
644;"CID 644";"C10H15N5O10P2"
645;"CID 645";"C10H14N5O7P"
646;"CID 646";"C10H16N5O13P3"
647;"Dimethylallyl diphosphate";"C5H12O7P2"
648;"Dihydroorotic acid";"C5H6N2O4"
649;"Dihydrouracil";"C4H6N2O2"
650;"2,3-Butanedione";"CH3COCOCH3"
651;"CID 651";"C9H16N5O8P"
652;"7,8-Diaminononanoic acid";"C9H20N2O2"
653;"CID 653";"C19H12O6"
654;"Diethyl hydrogen phosphate";"C4H11O4P"
655;"Diethylthiophosphoric acid";"C4H11O3PS"
656;"CID 656";"C34H64O13"
657;"CID 657";"C36H66O14"
658;"CID 658";"C38H68O15"
659;"CID 659";"C9H13N5O4"
660;"3,4-Dihydrocoumarin";"C9H8O2"
661;"CID 661";"C19H21N7O6"
662;"Dihydrokaempferol";"C15H12O6"
663;"Dihydrolipoamide";"C8H17NOS2"
664;"CID 664";"C9H14N5O7P"
665;"CID 665";"C9H16N5O13P3"
666;"CID 666";"C7H11N5O8P2"
667;"CID 667";"C42H50N4O16"
668;"Dihydroxyacetone phosphate";"C3H7O6P"
669;"2-Hydroxy-3-oxobutyl phosphate";"C4H9O6P"
670;"Dihydroxyacetone";"C3H6O3"
671;"1,4-Dihydroxy-2-naphthoic acid";"C11H8O4"
672;"6,7-Dimethyl-8-(2,3,4,5-tetrahydroxypentyl)pteridine-2,4-dione";"C13H18N4O6"
673;"N,N-Dimethylglycine";"C4H9NO2"
674;"Dimethylamine";"(CH3)2NH"
675;"5,6-Dimethylbenzimidazole";"C9H10N2"
676;"CID 676";"C10H13N4O7P"
677;"2,3-Dihydroxy-3-methylbutanoic acid";"C5H10O4"
678;"CID 678";"C10H15N4O13P3"
679;"Dimethyl sulfoxide";"C2H6OS"
680;"3,8-Dimethyldec-7-enyl dihydrogen phosphate";"C12H25O4P"
681;"Dopamine";"C8H11NO2"
682;"L-Dopaquinone";"C9H9NO4"
683;"Glyceric acid 1,3-biphosphate";"C3H8O10P2"
684;"Dtdp-alpha-D-glucose(2-)";"C16H26N2O16P2"
685;"CID 685";"C16H24N2O15P2"
686;"CID 686";"C16H26N2O15P2"
687;"[5-(2,4-Dioxopyrimidin-1-yl)-3-hydroxyoxolan-2-yl]methyl phosphono hydrogen phosphate";"C9H14N2O11P2"
688;"1-(2-Deoxy-5-o-phosphonopentofuranosyl)pyrimidine-2,4(1h,3h)-dione";"C9H13N2O8P"
689;"CID 689";"C9H15N2O14P3"
690;"(S)-2-Methyl-3,4,5,6-tetrahydropyrimidine-4-carboxylic acid";"C6H10N2O2"
691;"2-Hydroxy-3-phenylacrylic acid";"C9H8O3"
692;"N-[7,11-Bis[(2,3-dihydroxybenzoyl)amino]-2,6,10-trioxo-1,5,9-trioxacyclododec-3-yl]-2,3-dihydroxybenzamide";"C30H27N3O15"
693;"2,2-Dimethyl-3-((3E,7E,11E,15E)-3,7,12,16,20-pentamethylhenicosa-3,7,11,15,19-pentaenyl)oxirane";"C30H50O"
694;"Nicotinaldehyde oxime";"C6H6N2O"
695;"2,3-Dihydroxy-4-phosphonooxybutanoate";"C4H8O8P-"
696;"2,3-Dihydroxy-4-phosphonooxybutanoic acid";"C4H9O8P"
697;"(2R,3R)-2,3-Dihydroxy-4-oxobutyl dihydrogen phosphate";"C4H9O7P"
698;"Unden (pharmaceutical)";"C18H22O2"
699;"(13-Methyl-17-oxo-7,8,9,11,12,14,15,16-octahydro-6H-cyclopenta[a]phenanthren-3-yl) hydrogen sulfate";"C18H22O5S"
700;"Ethanolamine";"C2H7NO"
701;"Ethyl 2-methylacetoacetate";"C7H12O3"
702;"Ethanol";"CH3CH2OH"
703;"Flavitan";"C27H33N9O15P2"
704;"CID 704";"C15H26N6O13P2"
705;"CID 705";"C27H35N9O15P2"
706;"Diphosphoric acid,P-(3,7,11-trimethyl-2,6,10-dodecatrienyl) ester";"C15H28O7P2"
707;"3,7,11,15,19,23,27,31-Octamethyldotriaconta-2,6,10,14,18,22,26,30-octaen-1-ol";"C40H66O"
708;"CID 708";"C40H68O7P2"
709;"3-(4-Hydroxy-3-methoxyphenyl)-2-propenoic acid";"C10H10O4"
710;"Riboflavin 5'-(dihydrogen phosphate)";"C17H21N4O9P"
711;"CID 711";"C17H23N4O9P"
712;"Formaldehyde";"H2CO"
713;"Formamide";"CH3NO"
714;"S-[2-[3-[[4-[[[5-(6-Aminopurin-9-yl)-4-hydroxy-3-phosphonooxyoxolan-2-yl]methoxy-hydroxyphosphoryl]oxy-hydroxyphosphoryl]oxy-2-hydroxy-3,3-dimethylbutanoyl]amino]propanoylamino]ethyl] methanethioate";"C22H36N7O17P3S"
715;"7-[[1-Carboxy-4-[[1-carboxy-4-[2-[4-[[5-(formamidomethyl)furan-3-yl]methoxy]phenyl]ethylamino]-4-oxobutyl]amino]-4-oxobutyl]amino]-7-oxoheptane-1,3,4-tricarboxylic acid";"C35H44N4O16"
716;"2,5-Bis(hydroxymethyl)oxolane-2,3,4-triol";"C6H12O6"
717;"1-o-Phosphonohex-2-ulofuranose";"C6H13O9P"
718;"Fructose 1,6-diphosphate";"C6H14O12P2"
719;"6-o-Phosphonohex-2-ulofuranose";"C6H13O9P"
720;"2-Amino-6-[[4,5-dihydroxy-6-(hydroxymethyl)-3-oxooxan-2-yl]amino]hexanoic acid";"C12H22N2O7"
721;"2-Amino-6-[[4,5-dihydroxy-3-oxo-6-(phosphonooxymethyl)oxan-2-yl]amino]hexanoic acid";"C12H23N2O10P"
722;"2,3,4-Trihydroxy-5-(hydroxymethyl)oxolane-2-carboxylic acid";"C6H10O7"
723;"But-2-enedioic acid";"C4H4O4"
724;"3-Phosphoglycerate";"C3H7O7P"
725;"4-(Trimethylammonio)butanoate";"C7H15NO2"
726;"CID 726";"C28H50N8O17P3S+"
727;"Lindane";"C6H6Cl6"
728;"2,3,4,5,6-Pentachlorocyclohexene";"C6H5Cl5"
729;"3-Phosphoglyceraldehyde";"C3H7O6P"
730;"CID 730";"C10H15N5O11P2"
731;"CID 731";"C16H23N5O15P2"
732;"CID 732";"C16H25N5O16P2"
733;"CID 733";"C10H18N5O20P5"
734;"3,7-Dimethylocta-2,6-dienyl phosphono hydrogen phosphate";"C10H20O7P2"
735;"Phosphono 3,7,11,15-tetramethylhexadeca-2,6,10,14-tetraenyl hydrogen phosphate";"C20H36O7P2"
736;"D-Gluconic acid, delta-lactone";"C6H10O6"
737;"alpha-D-Glucopyranose, 1,6-bis(dihydrogen phosphate)";"C6H14O12P2"
738;"DL-Glutamine";"C5H10N2O3"
739;"2-Amino-2-Deoxy-Hexose";"C6H13NO5"
740;"2-Amino-2-deoxy-1-o-phosphonohexopyranose";"C6H14NO8P"
741;"Glutaconyl-CoA";"C26H40N7O19P3S"
742;"4-Amino-5-oxopentanoic acid";"C5H9NO3"
743;"Glutaric acid";"C5H8O4"
744;"CID 744";"C26H42N7O19P3S"
745;"gamma-Glutamylcysteinylglycine";"C10H17N3O6S"
746;"2-Amino-5-[[1-(carboxymethylamino)-3-(disulfanyl)-1-oxopropan-2-yl]amino]-5-oxopentanoic acid";"C10H17N3O6S2"
747;"CID 747";"C10H16N3O9S2-"
748;"2-Amino-5-[[1-(carboxymethylamino)-1-oxo-3-sulfosulfanylpropan-2-yl]amino]-5-oxopentanoic acid";"C10H17N3O9S2"
749;"CID 749";"C17H34N6O5S"
750;"Glycine";"C2H5NO2"
751;"Glyceraldehyde";"C3H6O3"
752;"Glyceric acid";"C3H6O4"
753;"Glycerol";"C3H8O3"
754;"Glycerophosphoric acid";"C3H9O6P"
755;"Glycine, N-[(3alpha,5beta,7alpha,12alpha)-3,7,12-trihydroxy-24-oxocholan-24-yl]-";"C26H43NO6"
756;"Glycolaldehyde";"C2H4O2"
757;"Glycolic acid";"C2H4O3"
758;"CID 758";"C42H71N6O31P"
759;"CID 759";"C34H58N5O26P"
760;"Glyoxylic acid";"C2H2O3"
761;"CID 761";"C10H14N5O8P"
762;"CID 762";"C10H16N5O14P3"
763;"Glycocyamine";"C3H7N3O2"
764;"CID 764";"C5H5N5O"
765;"2-Amino-9-[3,4-dihydroxy-5-(hydroxymethyl)oxolan-2-yl]-3H-purin-6-one";"C10H13N5O5"
766;"CID 766";"C10H17N5O17P4"
767;"Carbonic acid";"HCO3(−)"
768;"Hydrogen cyanide";"HCN"
769;"Bicarbonate";"HCO3(−)"
770;"CID 770";"C49H68FeN4O5-4"
771;"CID 771";"C49H72N4O5"
772;"Heparin";"C26H42N2O37S5"
773;"DL-Histidine";"C6H9N3O2"
774;"Histamine";"C5H9N3"
775;"2-Amino-3-(1h-imidazol-4-yl)propanal";"C6H9N3O"
776;"Histidinol";"C6H11N3O"
777;"4-Amino-5-hydroxymethyl-2-methylpyrimidine";"C6H9N3O"
778;"DL-Homocysteine";"C4H9NO2S"
779;"DL-Homoserine";"C4H9NO3"
780;"Homogentisic acid";"C8H8O4"
781;"Thiocyanic acid";"HSCN"
782;"3-(2,5-Dioxoimidazolidin-4-yl)propanoic acid";"C6H8N2O4"
783;"Hydrogen";"H2"
784;"Hydrogen peroxide";"H2O2"
785;"Hydroquinone";"C6H6O2"
786;"(4-Hydroxy-3-methylbut-2-enyl) phosphono hydrogen phosphate";"C5H12O8P2"
787;"Hydroxylamine";"H3NO"
788;"Hydroxymethylbilane";"C40H46N4O17"
789;"CID 789";"C2H7NO2S"
790;"CID 790";"C5H4N4O"
791;"DL-Isoleucine";"C6H13NO2"
792;"Imidazole acetol-phosphate";"C6H9N2O5P"
793;"2-Hydroxy-3-(1H-imidazol-5-yl)propanoic acid";"C6H8N2O3"
794;"3-(1H-Imidazol-5-yl)-2-oxopropanoic acid";"C6H6N2O3"
795;"Imidazole";"C3H4N2"
796;"Iminoaspartic acid";"C4H5NO4"
797;"CID 797";"C10H13N4O8P"
798;"Indole";"C8H7N"
799;"1-C-(Indol-3-yl)glycerol 3-phosphate";"C11H14NO6P"
800;"Indole-3-acetaldehyde";"C10H9NO"
801;"1H-Indol-3-ylacetate";"C10H8NO2-"
802;"Indole-3-acetic acid";"C10H9NO2"
803;"Indole-3-pyruvic acid";"C11H9NO3"
804;"CID 804";"C10H12N4O5"
805;"(2,3,5,6-Tetrahydroxy-4-phosphonooxycyclohexyl) dihydrogen phosphate";"C6H14O12P2"
806;"D-Myo-Inositol 1,3,4-tris-phosphate ammonium salt";"C6H15O15P3"
807;"Iodine";"I2"
808;"S-[2-[3-[[4-[[[5-(6-Aminopurin-9-yl)-4-hydroxy-3-phosphonooxyoxolan-2-yl]methoxy-hydroxyphosphoryl]oxy-hydroxyphosphoryl]oxy-2-hydroxy-3,3-dimethylbutanoyl]amino]propanoylamino]ethyl] 2-methylpropanethioate";"C25H42N7O17P3S"
809;"6-Hydroxy-5-(3-hydroxy-3-oxoprop-1-en-2-yl)oxycyclohexa-1,3-diene-1-carboxylic acid";"C10H10O6"
810;"S-[2-[3-[[4-[[[5-(6-Aminopurin-9-yl)-4-hydroxy-3-phosphonooxyoxolan-2-yl]methoxy-hydroxyphosphoryl]oxy-hydroxyphosphoryl]oxy-2-hydroxy-3,3-dimethylbutanoyl]amino]propanoylamino]ethyl] 3-methylbutanethioate";"C26H44N7O17P3S"
811;"Itaconic acid";"C5H6O4"
812;"CID 812";"C10H15N4O14P3"
813;"Potassium ion";"K+"
814;"CID 814";"HK"
815;"CID 815";"C18H36N4O11"
816;"Becanamycin";"C18H37N5O10"
817;"3-Deoxyoctulosonic acid";"C8H14O8"
818;"4,5,6,7-Tetrahydroxy-2-oxo-8-phosphonooxyoctanoic acid";"C8H15O11P"
819;"CID 819";"C76H142N2O30P2"
820;"CID 820";"C96H176N2O38P2"
821;"2-[2-Carboxy-6-(1,2-dihydroxyethyl)-2-[[5-(3-dodecanoyloxytetradecanoylamino)-6-[[3-hydroxy-6-[hydroxy(phosphonooxy)phosphoryl]oxy-5-(3-hydroxytetradecanoylamino)-4-(3-hydroxytetradecanoyloxy)oxan-2-yl]methoxy]-3-phosphonooxy-4-(3-tetradecanoyloxytetradecanoyloxy)oxan-2-yl]methoxy]-5-hydroxyoxan-4-yl]oxy-6-(1,2-dihydroxyethyl)-4,5-dihydroxyoxane-2-carboxylic acid";"C110H203N2O42P3"
822;"CID 822";"C84H154N2O37P2"
823;"2-[2,3-Dihydroxypropoxy(hydroxy)phosphoryl]oxyethyl-trimethylazanium";"C8H21NO6P+"
824;"DL-Norvaline";"C5H11NO2"
825;"4-Hydroxyproline";"C5H9NO3"
826;"2-Amino-6-[[4-(2-aminopropanoylamino)-5-hydroxy-5-oxopentanoyl]amino]heptanedioic acid";"C15H26N4O8"
827;"Pentitol";"C5H12O5"
828;"n-[n-(4-Amino-4-carboxybutyl)carbamimidoyl]aspartic acid";"C10H18N4O6"
829;"2-Amino-4-oxobutanoic acid";"C4H7NO3"
830;"D-Azaserine";"C5H7N3O4"
831;"2-(2-Amino-2-carboxyethoxy)-2-hydroxyethenediazonium";"C5H8N3O4+"
832;"L-Aspartyl-4-phosphate";"C4H8NO7P"
833;"DL-Citrulline";"C6H13N3O3"
834;"Cystathionine";"C7H14N2O4S"
835;"5-(1,2-Dihydroxyethyl)-2,3,4(5H)-furantrione";"C6H6O6"
836;"DL-Dopa";"C9H11NO4"
837;"5,6-Dioxo-2,4-dihydro-1H-indole-2-carboxylic acid";"C9H7NO4"
838;"DL-Adrenaline";"C9H13NO3"
839;"2-Amino-4-hydroxypentanedioic acid";"C5H9NO5"
840;"6-Deoxy-Hexose";"C6H12O5"
841;"6-Deoxyhex-2-ulose";"C6H12O5"
842;"2-Amino-5-[(1-hydroxy-1-oxo-3-sulfanylpropan-2-yl)amino]-5-oxopentanoic acid";"C8H14N2O5S"
843;"5-Oxo-5-(phosphonooxy)norvaline";"C5H10NO7P"
844;"2-Amino-5-oxopentanoic acid";"C5H9NO3"
845;"Phosphoric acid mono-[2-amino-3-(3H-imidazol-4-YL)-propyl]ester";"C6H12N3O4P"
846;"Kynurenine";"C10H12N2O3"
847;"Methionine sulfoxide";"C5H11NO3S"
848;"2,4-Dihydroxy-3,3-dimethylbutanoic acid";"C6H12O4"
849;"Pipecolic acid";"C6H11NO2"
850;"5-o-Phosphonopent-2-ulose";"C5H11O8P"
851;"2-Amino-3-selanylpropanoic acid";"C3H7NO2Se"
852;"2-Amino-3-methylsuccinic acid";"C5H9NO4"
853;"DL-Thyroxine";"C15H11I4NO4"
854;"D-Arabinose";"C5H10O5"
855;"Lactaldehyde";"C3H6O2"
856;"Lanosta-8,24-dien-3-ol";"C30H50O"
857;"DL-Leucine";"C6H13NO2"
858;"4-{3-[3-(Cyclohepta-2,5-dien-1-ylidene)prop-1-en-1-yl]oxiran-2-yl}butanal";"C16H20O2"
859;"6-[2-[(4-Amino-4-carboxybutanoyl)amino]-3-oxo-3-(2-oxopropylamino)propyl]sulfanyl-5-hydroxyicosa-7,9,11,14-tetraenoic acid";"C31H49N3O8S"
860;"9,12,15-Octadecatrienoic acid";"C18H30O2"
861;"Rathyronine";"C15H12I3NO4"
862;"CID 862";"C68H130N2O23P2"
863;"Lipoamide";"C8H15NOS2"
864;"Thioctic acid";"C8H14O2S2"
865;"2,6-Diaminopimelic acid";"C7H14N2O4"
866;"DL-Lysine";"C6H14N2O2"
867;"Malonic acid";"C3H4O4"
868;"3-Oxopropanoic acid";"C3H4O3"
869;"S-Malonyl-CoA";"C24H38N7O19P3S"
870;"Mannan";"C24H42O21"
871;"Globotriose";"C18H32O16"
872;"Melibiose";"C12H22O11"
873;"3-(2-Hydroxyphenyl)propanoic acid";"C9H10O3"
874;"2-Methylbut-2-enedioic acid";"C5H6O4"
875;"Tartaric acid";"C4H6O6"
876;"DL-Methionine";"C5H11NO2S"
877;"S-[2-[3-[[4-[[[5-(6-Aminopurin-9-yl)-4-hydroxy-3-phosphonooxyoxolan-2-yl]methoxy-hydroxyphosphoryl]oxy-hydroxyphosphoryl]oxy-2-hydroxy-3,3-dimethylbutanoyl]amino]propanoylamino]ethyl] 2-methylprop-2-enethioate";"C25H40N7O17P3S"
878;"Methanethiol";"CH3SH"
879;"7-[[4-[[4-[2-[4-[[5-(Aminomethyl)furan-3-yl]methoxy]phenyl]ethylamino]-1-carboxy-4-oxobutyl]amino]-1-carboxy-4-oxobutyl]amino]-7-oxoheptane-1,3,4-tricarboxylic acid";"C34H44N4O15"
880;"Methylglyoxal";"C3H4O2"
881;"Carbide(1-)";"CH3-"
882;"CID 882";"C31H46N6O16P-"
883;"CID 883";"C31H47N6O16P"
884;"CID 884";"C20H23N7O6"
885;"CID 885";"C31H44N6O16P-"
886;"CID 886";"C31H45N6O16P"
887;"Methanol";"CH4O"
888;"Magnesium ion";"Mg+2"
889;"CID 889";"H2Mg"
890;"Phytic acid";"C6H18O24P6"
891;"3-Methoxycarbonylpent-2-enedioic acid";"C7H8O6"
892;"Inositol";"C6H12O6"
893;"Methyl coenzyme M";"C3H8O3S2"
894;"2-[[3,4-Dihydroxy-5-(phosphonooxymethyl)oxolan-2-yl]amino]benzoic acid";"C12H16NO9P"
895;"6-(6-Aminohexanamido)hexanoic acid";"C12H24N2O3"
896;"Melatonin";"C13H16N2O2"
897;"N-[2-Amino-4,5-dihydroxy-6-(hydroxymethyl)oxan-3-yl]acetamide";"C8H16N2O5"
898;"GlcNAc-6-P";"C8H16NO9P"
899;"N-Acetylhexosamine";"C8H15NO6"
900;"N-Acetyl-D-hexosamine 1-phosphate";"C8H16NO9P"
901;"2-Acetamido-5-oxo-5-phosphonooxypentanoic acid";"C7H12NO8P"
902;"4-Acetamido-2-aminobutanoic acid";"C6H12N2O3"
903;"N-Acetyl-5-hydroxytryptamine";"C12H14N2O2"
904;"Acetanilide";"C8H9NO"
905;"2-Acetamido-5-oxovaleric acid";"C7H11NO4"
906;"Sialic acid";"C11H19NO9"
907;"n~2~-Acetylornithine";"C7H14N2O3"
908;"Formiminoglycine";"C3H6N2O2"
909;"n-Formimidoyl-glutamic acid";"C6H10N2O4"
910;"N'-Formylkynurenine";"C11H12N2O4"
911;"N-Formyl-DL-methionine";"C6H11NO3S"
912;"1H-Imidazole-4-ethanamine, N-methyl-";"C6H11N3"
913;"2-(Methylamino)-1-phenylethanol";"C9H13NO"
914;"N-Methyltryptophan";"C12H14N2O2"
915;"N-Succinyl-2-amino-6-oxopimelate";"C11H15NO8"
916;"N1-Acetylspermine";"C12H28N4O"
917;"1-Methyl-2,3,6,7-tetrahydropurin-6-amine";"C6H11N5"
918;"2-[(4-Hydroxy-4-oxobutanoyl)amino]pentanedioic acid";"C9H13NO7"
919;"5-Hydroxy-2-[(4-hydroxy-4-oxobutanoyl)amino]pentanoic acid";"C9H15NO6"
920;"N~2~-(3-Carboxypropanoyl)ornithine";"C9H16N2O5"
921;"6-Amino-1-methyl-hexahydropyrimidin-2-one";"C5H11N3O"
922;"N-Methylglutamine";"C6H12N2O3"
923;"Sodium ion";"Na+"
924;"CID 924";"HNa"
925;"beta-Nicotinamide adenine dinucleotide";"C21H27N7O14P2"
926;"CID 926";"C21H28N7O14P2+"
927;"CID 927";"C15H23N5O13P2"
928;"Dihydronicotinamide formycin dinucleotide";"C21H29N7O14P2"
929;"Nadide phosphate monosodium";"C21H29N7O17P3+"
930;"NADP(H)";"C21H30N7O17P3"
931;"Naphthalene";"C10H8"
932;"Naringenin";"C15H12O5"
933;"Hydroxyammonium";"H4NO+"
934;"Nickel (II) ion";"Ni+2"
935;"Nickel";"Ni"
936;"Nicotinamide";"C6H6N2O"
937;"Nicotinate";"C6H4NO2-"
938;"Nicotinic acid";"C6H5NO2"
939;"3-Carbamoyl-1-(5-o-phosphonopentofuranosyl)pyridinium";"C11H16N2O8P+"
940;"3-Carbamoyl-1-pentofuranosylpyridinium";"C11H15N2O5+"
941;"3-Carboxy-1-(5-o-phosphonopentofuranosyl)pyridinium";"C11H15NO9P+"
942;"3-(1-Methylpyrrolidin-2-yl)pyridine";"C10H14N2"
943;"Nitrate";"NO3(−)"
944;"Nitric acid";"HNO3"
945;"Nitroxyl";"HNO"
946;"Nitrite";"NO2(−)"
947;"Nitrogen";"N2"
948;"Nitrous oxide";"N2O"
949;"N,N-Dimethylaniline";"C8H11N"
950;"N,N-Dimethylaniline N-oxide";"C8H11NO"
951;"4-(2-Amino-1-hydroxyethyl)benzene-1,2-diol";"C8H11NO3"
952;"(2R,3S,4S)-2-(Hydroxymethyl)-tetrahydrofuran-3,4-diol";"C5H10O4"
953;"O-Phosphorylhomoserine";"C4H10NO6P"
954;"o-(3-Carboxypropanoyl)homoserine";"C8H13NO6"
955;"2-Succinylbenzoate";"C11H10O5"
956;"2-Succinylbenzoyl-coenzyme A";"C32H44N7O20P3S"
957;"1-Octanol";"C8H18O"
958;"CID 958";"C47H70O3"
959;"CID 959";"C48H72O3"
960;"CID 960";"C48H72O4"
961;"Hydroxide";"OH(−)"
962;"Water";"H2O"
963;"CID 963";"C43H77N3O20P2"
964;"3-Hydroxypyruvic acid";"C3H4O4"
965;"9-Octadecenoic acid";"C18H34O2"
966;"S-[2-[3-[[4-[[[5-(6-Aminopurin-9-yl)-4-hydroxy-3-phosphonooxyoxolan-2-yl]methoxy-hydroxyphosphoryl]oxy-hydroxyphosphoryl]oxy-2-hydroxy-3,3-dimethylbutanoyl]amino]propanoylamino]ethyl] octadec-9-enethioate";"C39H68N7O17P3S"
967;"Orotic acid";"C5H4N2O4"
968;"2,6-Dioxo-3-(5-o-phosphonopentofuranosyl)-1,2,3,6-tetrahydro-4-pyrimidinecarboxylic acid";"C10H13N2O11P"
969;"2-[[4-Carboxy-4-[2-[hydroxy-[2,3,4-trihydroxy-5-(2,4,8-trioxo-1H-pyrimido[4,5-b]quinolin-10-yl)pentoxy]phosphoryl]oxypropanoylamino]butanoyl]amino]pentanedioic acid";"C29H36N5O18P"
970;"Oxalacetic acid";"C4H4O5"
971;"Oxalic acid";"C2H2O4"
972;"Oxalosuccinic acid";"C6H6O7"
973;"CID 973";"C23H36N7O19P3S"
974;"Oxamic acid";"C2H3NO3"
975;"Glutathione oxidized form";"C20H32N6O12S2"
976;"2-Keto-4-pentenoic acid";"C5H6O3"
977;"Oxygen molecule";"O2"
978;"4-Aminobenzoic acid";"C7H7NO2"
979;"4-Hydroxyphenylpyruvic acid";"C9H8O4"
980;"4-Nitrophenol";"C6H5NO3"
981;"N-[[5-Amino-1-(5-O-phosphono-b-D-ribofuranosyl)-1H-imidazoL-4-yl]carbonyl]-L-aspartic acid";"C13H19N4O12P"
982;"Bis[[5-(6-aminopurin-9-yl)-3,4-dihydroxyoxolan-2-yl]methoxy-hydroxyphosphoryl] hydrogen phosphate";"C20H27N10O16P3"
983;"Triphosphoric acid";"H5O10P3"
984;"Hexadecanal";"C16H32O"
985;"Palmitic acid";"C16H32O2"
986;"S-[2-[3-[[4-[[[5-(6-Aminopurin-9-yl)-4-hydroxy-3-phosphonooxyoxolan-2-yl]methoxy-hydroxyphosphoryl]oxy-hydroxyphosphoryl]oxy-2-hydroxy-3,3-dimethylbutanoyl]amino]propanoylamino]ethyl] hexadecanethioate";"C37H66N7O17P3S"
987;"Phosphopantetheine";"C11H23N2O7PS"
988;"D-Pantothenic acid";"C9H17NO5"
989;"Pantolactone";"C6H10O3"
990;"3'-Phosphonato-5'-adenylyl sulfate";"C10H15N5O13P2S"
991;"Parathion";"(C2H5O)2PSOC6H4NO2"
992;"Pentachlorophenol";"C6Cl5OH"
993;"Pentofuranose";"C5H10O5"
994;"DL-Phenylalanine";"C9H11NO2"
995;"Phenanthrene";"C14H10"
996;"Phenol";"C6H6O"
997;"Phenylpyruvic acid";"C9H8O3"
998;"Phenylacetaldehyde";"C8H8O"
999;"Phenylacetic acid";"C8H8O2"
1000;"2-Amino-1-phenylethanol";"C8H11NO"
